Ticker,Option Type,Expiration,Strike,% OTM/ITM,Current Stock,Simulated Stock,Current Premium,Simulated Premium,Days Until Expiration,Days to Gain,Stock Gain %,Premium % Gain,Implied Volatility,Delta,Theta,Bid,Ask,Last Premium,Bid Date,Ask Date,Volume,Allocated ($),Simulated Value ($),Run_Label
aapl,call,2025-08-15,245,20.89,202.67,222.94,0.77,0.54,64,45,10.0,-29.63,28.49,0.0736,-0.0274,0.76,0.79,0.77,2025-06-10 20:00:00,2025-06-10 20:00:00,124,100,70.37,Short-Term 
aapl,call,2025-08-15,240,18.42,202.67,222.94,1.06,1.0,64,45,10.0,-5.56,28.14,0.0974,-0.0335,1.06,1.08,1.06,2025-06-10 20:00:00,2025-06-10 20:00:00,684,100,94.44,Short-Term 
aapl,call,2025-09-19,245,20.89,202.67,222.94,1.55,2.71,99,45,10.0,74.68,26.96,0.1169,-0.0303,1.54,1.58,1.55,2025-06-10 19:59:59,2025-06-10 19:59:59,208,100,174.68,Short-Term 
aapl,call,2025-09-19,240,18.42,202.67,222.94,2.04,3.74,99,45,10.0,83.55,26.86,0.1469,-0.0355,2.04,2.08,2.04,2025-06-10 19:59:59,2025-06-10 19:59:59,2985,100,183.55,Short-Term 
msft,call,2025-08-15,565,19.98,470.92,518.01,0.32,0.32,64,45,10.0,0.45,20.09,0.022,-0.017,0.32,0.37,0.32,2025-06-10 19:59:59,2025-06-10 19:59:59,7,100,100.45,Short-Term 
msft,call,2025-08-15,570,21.04,470.92,518.01,0.33,0.22,64,45,10.0,-33.61,20.46,0.0189,-0.0152,0.25,0.3,0.33,2025-06-10 19:59:59,2025-06-10 19:59:59,0,100,66.39,Short-Term 
msft,call,2025-09-19,565,19.98,470.92,518.01,0.96,2.9,99,45,10.0,201.8,19.27,0.0499,-0.0266,0.91,0.97,0.96,2025-06-10 19:59:59,2025-06-10 19:59:59,1,100,301.8,Short-Term 
msft,call,2025-09-19,570,21.04,470.92,518.01,0.94,2.29,99,45,10.0,143.2,19.25,0.0415,-0.0229,0.74,0.81,0.94,2025-06-10 19:59:59,2025-06-10 19:59:59,0,100,243.2,Short-Term 
amd,call,2025-08-15,150,21.71,123.24,135.56,2.37,1.41,64,45,10.0,-40.7,46.13,0.1937,-0.0528,2.37,2.4,2.37,2025-06-10 20:00:00,2025-06-10 20:00:00,595,100,59.3,Short-Term 
amd,call,2025-08-15,145,17.66,123.24,135.56,3.0,2.4,64,45,10.0,-20.0,45.89,0.2432,-0.0602,3.1,3.2,3.0,2025-06-10 20:00:00,2025-06-10 20:00:00,343,100,80.0,Short-Term 
amd,call,2025-09-19,150,21.71,123.24,135.56,3.9,4.47,99,45,10.0,14.71,44.62,0.2522,-0.049,3.85,3.95,3.9,2025-06-10 19:59:59,2025-06-10 19:59:59,532,100,114.71,Short-Term 
amd,call,2025-09-19,145,17.66,123.24,135.56,4.89,5.94,99,45,10.0,21.38,44.56,0.3001,-0.0536,4.85,4.9,4.89,2025-06-10 20:00:00,2025-06-10 20:00:00,293,100,121.38,Short-Term 
nvda,call,2025-08-15,175,21.56,143.96,158.36,1.37,0.86,64,45,10.0,-36.86,36.99,0.1327,-0.0389,1.4,1.43,1.37,2025-06-10 19:59:59,2025-06-10 19:59:59,1971,100,63.14,Short-Term 
nvda,call,2025-08-15,170,18.09,143.96,158.36,1.95,1.59,64,45,10.0,-18.25,36.63,0.1735,-0.0462,1.93,1.99,1.95,2025-06-10 20:00:00,2025-06-10 20:00:00,950,100,81.75,Short-Term 
nvda,call,2025-09-19,175,21.56,143.96,158.36,3.63,4.4,99,45,10.0,21.19,40.53,0.226,-0.0492,3.5,3.7,3.63,2025-06-10 20:00:00,2025-06-10 20:00:00,1075,100,121.19,Short-Term 
nvda,call,2025-09-19,170,18.09,143.96,158.36,4.6,5.85,99,45,10.0,27.17,40.76,0.2704,-0.0547,4.55,4.65,4.6,2025-06-10 19:59:59,2025-06-10 19:59:59,3884,100,127.17,Short-Term 
u,call,2025-08-15,30,20.77,24.84,27.32,1.59,0.95,64,45,10.0,-39.97,76.51,0.3469,-0.0234,1.55,1.61,1.59,2025-06-10 19:59:59,2025-06-10 19:59:59,280,100,60.03,Short-Term 
u,call,2025-08-15,29,16.75,24.84,27.32,1.84,1.23,64,45,10.0,-33.24,75.26,0.3822,-0.0239,1.76,1.82,1.84,2025-06-10 19:59:59,2025-06-10 19:59:59,114,100,66.76,Short-Term 
u,call,2025-09-19,30,20.77,24.84,27.32,2.07,2.1,99,45,10.0,1.28,72.73,0.3936,-0.019,2.13,2.19,2.07,2025-06-10 19:59:58,2025-06-10 19:59:58,81,100,101.28,Short-Term 
u,call,2025-09-19,29,16.75,24.84,27.32,2.4,2.42,99,45,10.0,0.85,72.18,0.4263,-0.0193,2.22,2.43,2.4,2025-06-10 19:59:57,2025-06-10 19:59:57,30,100,100.85,Short-Term 
rddt,call,2025-08-15,140,19.57,117.09,128.8,7.4,4.64,64,45,10.0,-37.27,74.18,0.3504,-0.1076,6.9,7.45,7.4,2025-06-10 19:59:58,2025-06-10 19:59:58,77,100,62.73,Short-Term 
rddt,call,2025-08-15,145,23.84,117.09,128.8,6.0,3.22,64,45,10.0,-46.31,72.55,0.3038,-0.0992,6.0,6.4,6.0,2025-06-10 20:00:00,2025-06-10 20:00:00,3,100,53.69,Short-Term 
aapl,put,2025-08-15,160,21.05,202.67,222.94,0.94,0.0,64,45,10.0,-99.96,38.96,-0.0608,-0.0293,0.94,0.96,0.94,2025-06-10 20:00:00,2025-06-10 20:00:00,98,100,0.04,Short-Term 
aapl,put,2025-08-15,165,18.59,202.67,222.94,1.23,0.0,64,45,10.0,-99.94,37.42,-0.0791,-0.0343,1.22,1.25,1.23,2025-06-10 20:00:00,2025-06-10 20:00:00,80,100,0.06,Short-Term 
aapl,put,2025-09-19,160,21.05,202.67,222.94,1.71,0.08,99,45,10.0,-95.45,37.07,-0.0868,-0.029,1.71,1.75,1.71,2025-06-10 19:59:59,2025-06-10 19:59:59,24,100,4.55,Short-Term 
aapl,put,2025-09-19,165,18.59,202.67,222.94,2.18,0.12,99,45,10.0,-94.53,35.99,-0.1088,-0.033,2.15,2.19,2.18,2025-06-10 19:59:59,2025-06-10 19:59:59,74,100,5.47,Short-Term 
msft,put,2025-08-15,375,20.37,470.92,518.01,1.42,0.0,64,45,10.0,-99.99,34.37,-0.0472,-0.0491,1.39,1.45,1.42,2025-06-10 19:59:59,2025-06-10 19:59:59,150,100,0.01,Short-Term 
msft,put,2025-08-15,380,19.31,470.92,518.01,1.59,0.0,64,45,10.0,-99.99,33.58,-0.0531,-0.0526,1.55,1.6,1.59,2025-06-10 19:59:59,2025-06-10 19:59:59,77,100,0.01,Short-Term 
msft,put,2025-09-19,380,19.31,470.92,518.01,2.52,0.05,99,45,10.0,-98.0,30.28,-0.0686,-0.0458,2.38,2.45,2.52,2025-06-10 19:59:59,2025-06-10 19:59:59,16,100,2.0,Short-Term 
msft,put,2025-09-19,370,21.43,470.92,518.01,2.11,0.04,99,45,10.0,-98.26,31.61,-0.0558,-0.0409,1.94,2.02,2.11,2025-06-10 19:59:59,2025-06-10 19:59:59,8,100,1.74,Short-Term 
amd,put,2025-08-15,100,18.86,123.24,135.56,1.87,0.01,64,45,10.0,-99.26,49.79,-0.1302,-0.0399,1.84,1.88,1.87,2025-06-10 20:00:00,2025-06-10 20:00:00,366,100,0.74,Short-Term 
amd,put,2025-08-15,95,22.91,123.24,135.56,1.28,0.0,64,45,10.0,-99.65,51.69,-0.0924,-0.0326,1.26,1.28,1.28,2025-06-10 20:00:00,2025-06-10 20:00:00,275,100,0.35,Short-Term 
amd,put,2025-09-19,100,18.86,123.24,135.56,2.9,0.38,99,45,10.0,-86.82,47.53,-0.1577,-0.0343,2.84,2.88,2.9,2025-06-10 20:00:00,2025-06-10 20:00:00,1389,100,13.18,Short-Term 
amd,put,2025-09-19,95,22.91,123.24,135.56,1.99,0.22,99,45,10.0,-89.12,48.89,-0.1184,-0.0292,2.04,2.08,1.99,2025-06-10 20:00:00,2025-06-10 20:00:00,305,100,10.88,Short-Term 
nvda,put,2025-08-15,115,20.12,143.96,158.36,1.31,0.0,64,45,10.0,-99.8,44.35,-0.093,-0.0327,1.26,1.29,1.31,2025-06-10 20:00:00,2025-06-10 20:00:00,901,100,0.2,Short-Term 
nvda,put,2025-08-15,120,16.64,143.96,158.36,1.83,0.01,64,45,10.0,-99.56,42.74,-0.1291,-0.0396,1.82,1.85,1.83,2025-06-10 19:59:59,2025-06-10 19:59:59,1173,100,0.44,Short-Term 
nvda,put,2025-09-19,115,20.12,143.96,158.36,2.78,0.32,99,45,10.0,-88.59,46.5,-0.139,-0.0361,2.7,2.96,2.78,2025-06-10 19:59:59,2025-06-10 19:59:59,1337,100,11.41,Short-Term 
nvda,put,2025-09-19,116,19.42,143.96,158.36,2.94,0.33,99,45,10.0,-88.71,45.82,-0.1443,-0.0364,2.8,2.93,2.94,2025-06-10 19:59:59,2025-06-10 19:59:59,5,100,11.29,Short-Term 
u,put,2025-08-15,20,19.48,24.84,27.32,0.86,0.03,64,45,10.0,-96.01,70.03,-0.1842,-0.0143,0.61,0.96,0.86,2025-06-10 19:59:57,2025-06-10 19:59:57,13,100,3.99,Short-Term 
u,put,2025-08-15,19,23.51,24.84,27.32,0.57,0.01,64,45,10.0,-97.61,70.01,-0.1418,-0.0121,0.53,0.7,0.57,2025-06-10 19:59:57,2025-06-10 19:59:57,0,100,2.39,Short-Term 
u,put,2025-09-19,20,19.48,24.84,27.32,1.23,0.31,99,45,10.0,-74.78,67.1,-0.2061,-0.0117,1.18,1.25,1.23,2025-06-10 19:59:57,2025-06-10 19:59:57,0,100,25.22,Short-Term 
u,put,2025-09-19,19,23.51,24.84,27.32,0.94,0.2,99,45,10.0,-78.37,67.61,-0.1682,-0.0104,0.9,0.98,0.94,2025-06-10 19:59:58,2025-06-10 19:59:58,2,100,21.63,Short-Term 
rddt,put,2025-08-15,95,18.87,117.09,128.8,5.35,0.29,64,45,10.0,-94.66,75.61,-0.2028,-0.0775,4.95,5.1,5.35,2025-06-10 19:59:58,2025-06-10 19:59:58,21,100,5.34,Short-Term 
rddt,put,2025-08-15,90,23.14,117.09,128.8,3.95,0.13,64,45,10.0,-96.62,76.63,-0.1607,-0.0681,3.7,3.85,3.95,2025-06-10 19:59:59,2025-06-10 19:59:59,6,100,3.38,Short-Term 
aapl,call,2025-11-21,245,20.89,202.67,222.94,3.4,6.75,162,45,10.0,98.66,26.76,0.1919,-0.034,3.5,3.6,3.4,2025-06-10 20:00:00,2025-06-10 20:00:00,142,100,198.66,MShort-Term
aapl,call,2025-11-21,240,18.42,202.67,222.94,4.39,8.29,162,45,10.0,88.9,26.89,0.2261,-0.0379,4.35,4.45,4.39,2025-06-10 20:00:00,2025-06-10 20:00:00,107,100,188.9,MShort-Term
aapl,call,2025-12-19,245,20.89,202.67,222.94,4.17,8.27,190,45,10.0,98.25,26.45,0.2146,-0.0335,4.3,4.4,4.17,2025-06-10 19:59:59,2025-06-10 19:59:59,103,100,198.25,MShort-Term
aapl,call,2025-12-19,240,18.42,202.67,222.94,5.33,9.97,190,45,10.0,87.07,26.7,0.2498,-0.0371,5.25,5.35,5.33,2025-06-10 20:00:00,2025-06-10 20:00:00,1889,100,187.07,MShort-Term
msft,call,2025-12-19,565,19.98,470.92,518.01,5.05,13.04,190,45,10.0,158.27,20.29,0.1498,-0.0484,4.95,5.15,5.05,2025-06-10 19:59:59,2025-06-10 19:59:59,12,100,258.27,MShort-Term
msft,call,2025-12-19,570,21.04,470.92,518.01,4.5,11.75,190,45,10.0,161.01,20.3,0.1364,-0.0453,4.25,4.55,4.5,2025-06-10 19:59:59,2025-06-10 19:59:59,19,100,261.01,MShort-Term
amd,call,2025-11-21,150,21.71,123.24,135.56,7.0,9.15,162,45,10.0,30.66,45.1,0.3325,-0.0454,7.0,7.1,7.0,2025-06-10 20:00:00,2025-06-10 20:00:00,54,100,130.66,MShort-Term
amd,call,2025-11-21,145,17.66,123.24,135.56,8.2,10.83,162,45,10.0,32.11,45.04,0.3739,-0.0476,8.2,8.3,8.2,2025-06-10 20:00:00,2025-06-10 20:00:00,46,100,132.11,MShort-Term
amd,call,2025-12-19,150,21.71,123.24,135.56,8.2,10.75,190,45,10.0,31.07,44.73,0.3544,-0.0429,8.05,8.15,8.2,2025-06-10 20:00:00,2025-06-10 20:00:00,2220,100,131.07,MShort-Term
amd,call,2025-12-19,145,17.66,123.24,135.56,9.3,12.43,190,45,10.0,33.63,44.54,0.393,-0.0445,9.3,9.4,9.3,2025-06-10 20:00:00,2025-06-10 20:00:00,30,100,133.63,MShort-Term
nvda,call,2025-11-21,175,21.56,143.96,158.36,7.0,9.52,162,45,10.0,36.02,41.57,0.3119,-0.0478,7.0,7.55,7.0,2025-06-10 19:59:59,2025-06-10 19:59:59,237,100,136.02,MShort-Term
nvda,call,2025-11-21,170,18.09,143.96,158.36,8.35,11.38,162,45,10.0,36.32,42.1,0.3527,-0.0511,7.7,8.8,8.35,2025-06-10 19:59:59,2025-06-10 19:59:59,508,100,136.32,MShort-Term
nvda,call,2025-12-19,173,20.17,143.96,158.36,8.65,11.94,190,45,10.0,38.02,41.29,0.3487,-0.0464,8.65,9.0,8.65,2025-06-10 19:59:59,2025-06-10 19:59:59,25,100,138.02,MShort-Term
nvda,call,2025-12-19,172,19.48,143.96,158.36,8.77,12.49,190,45,10.0,42.44,41.82,0.3591,-0.0475,8.95,9.25,8.77,2025-06-10 19:59:59,2025-06-10 19:59:59,12,100,142.44,MShort-Term
u,call,2025-11-21,30,20.77,24.84,27.32,3.25,3.62,162,45,10.0,11.52,72.84,0.4595,-0.0157,3.2,3.35,3.25,2025-06-10 19:59:59,2025-06-10 19:59:59,16,100,111.52,MShort-Term
u,call,2025-11-21,29,16.75,24.84,27.32,3.4,3.97,162,45,10.0,16.84,72.71,0.4868,-0.0158,3.45,3.6,3.4,2025-06-10 19:59:59,2025-06-10 19:59:59,14,100,116.84,MShort-Term
u,call,2025-12-19,30,20.77,24.84,27.32,3.6,4.11,190,45,10.0,14.08,71.89,0.477,-0.0144,3.5,3.65,3.6,2025-06-10 19:59:58,2025-06-10 19:59:58,12,100,114.08,MShort-Term
u,call,2025-12-19,29,16.75,24.84,27.32,4.75,4.45,190,45,10.0,-6.27,71.74,0.5025,-0.0144,3.8,3.95,4.75,2025-06-10 19:59:57,2025-06-10 19:59:57,0,100,93.73,MShort-Term
rddt,call,2025-11-21,140,19.57,117.09,128.8,15.3,17.19,162,45,10.0,12.36,71.53,0.4636,-0.0727,14.65,15.4,15.3,2025-06-10 19:59:59,2025-06-10 19:59:59,4,100,112.36,MShort-Term
rddt,call,2025-11-21,145,23.84,117.09,128.8,14.3,15.43,162,45,10.0,7.91,71.23,0.4336,-0.0715,13.75,14.0,14.3,2025-06-10 19:59:58,2025-06-10 19:59:58,0,100,107.91,MShort-Term
aapl,put,2025-11-21,160,21.05,202.67,222.94,3.2,0.66,162,45,10.0,-79.31,35.76,-0.1206,-0.027,3.2,3.3,3.2,2025-06-10 19:59:59,2025-06-10 19:59:59,303,100,20.69,MShort-Term
aapl,put,2025-11-21,165,18.59,202.67,222.94,4.13,0.87,162,45,10.0,-78.95,34.96,-0.1443,-0.0296,3.85,3.95,4.13,2025-06-10 19:59:59,2025-06-10 19:59:59,3,100,21.05,MShort-Term
aapl,put,2025-12-19,160,21.05,202.67,222.94,3.8,0.96,190,45,10.0,-74.82,34.91,-0.1291,-0.0253,3.65,3.75,3.8,2025-06-10 19:59:59,2025-06-10 19:59:59,12,100,25.18,MShort-Term
aapl,put,2025-12-19,165,18.59,202.67,222.94,4.45,1.22,190,45,10.0,-72.6,34.15,-0.1526,-0.0275,4.4,4.5,4.45,2025-06-10 19:59:59,2025-06-10 19:59:59,31,100,27.4,MShort-Term
msft,put,2025-12-19,375,20.37,470.92,518.01,5.29,0.95,190,45,10.0,-82.04,29.08,-0.1026,-0.0413,5.15,5.3,5.29,2025-06-10 19:59:59,2025-06-10 19:59:59,4,100,17.96,MShort-Term
msft,put,2025-12-19,380,19.31,470.92,518.01,6.0,1.05,190,45,10.0,-82.54,28.6,-0.1111,-0.0428,5.65,5.8,6.0,2025-06-10 19:59:59,2025-06-10 19:59:59,17,100,17.46,MShort-Term
amd,put,2025-11-21,100,18.86,123.24,135.56,4.88,1.77,162,45,10.0,-63.72,47.55,-0.1928,-0.0297,4.8,4.9,4.88,2025-06-10 20:00:00,2025-06-10 20:00:00,823,100,36.28,MShort-Term
amd,put,2025-11-21,95,22.91,123.24,135.56,3.71,1.22,162,45,10.0,-67.11,48.23,-0.1538,-0.0263,3.7,3.8,3.71,2025-06-10 20:00:00,2025-06-10 20:00:00,327,100,32.89,MShort-Term
amd,put,2025-12-19,100,18.86,123.24,135.56,5.4,2.25,190,45,10.0,-58.3,46.35,-0.1987,-0.027,5.4,5.55,5.4,2025-06-10 19:59:59,2025-06-10 19:59:59,139,100,41.7,MShort-Term
amd,put,2025-12-19,95,22.91,123.24,135.56,4.3,1.68,190,45,10.0,-60.85,47.57,-0.1628,-0.0247,4.25,4.35,4.3,2025-06-10 20:00:00,2025-06-10 20:00:00,137,100,39.15,MShort-Term
nvda,put,2025-11-21,115,20.12,143.96,158.36,4.9,1.66,162,45,10.0,-66.13,46.36,-0.1756,-0.032,4.85,4.9,4.9,2025-06-10 19:59:59,2025-06-10 19:59:59,367,100,33.87,MShort-Term
nvda,put,2025-11-21,120,16.64,143.96,158.36,6.2,2.23,162,45,10.0,-63.98,45.55,-0.2109,-0.0348,6.05,6.15,6.2,2025-06-10 20:00:00,2025-06-10 20:00:00,392,100,36.02,MShort-Term
nvda,put,2025-12-19,115,20.12,143.96,158.36,5.78,2.29,190,45,10.0,-60.34,46.04,-0.185,-0.03,5.65,5.75,5.78,2025-06-10 19:59:59,2025-06-10 19:59:59,474,100,39.66,MShort-Term
nvda,put,2025-12-19,116,19.42,143.96,158.36,6.11,2.42,190,45,10.0,-60.32,45.92,-0.1916,-0.0306,5.9,6.0,6.11,2025-06-10 19:59:59,2025-06-10 19:59:59,22,100,39.68,MShort-Term
u,put,2025-11-21,20,19.48,24.84,27.32,1.98,1.06,162,45,10.0,-46.56,70.51,-0.2331,-0.0101,1.93,2.17,1.98,2025-06-10 19:59:59,2025-06-10 19:59:59,0,100,53.44,MShort-Term
u,put,2025-11-21,19,23.51,24.84,27.32,1.6,0.79,162,45,10.0,-50.67,69.68,-0.1997,-0.0092,1.55,1.73,1.6,2025-06-10 19:59:58,2025-06-10 19:59:58,0,100,49.33,MShort-Term
u,put,2025-12-19,20,19.48,24.84,27.32,2.45,1.27,190,45,10.0,-47.97,69.04,-0.236,-0.0091,2.13,2.36,2.45,2025-06-10 19:59:57,2025-06-10 19:59:57,3,100,52.03,MShort-Term
u,put,2025-12-19,19,23.51,24.84,27.32,1.73,1.0,190,45,10.0,-41.97,68.96,-0.2053,-0.0085,1.74,1.97,1.73,2025-06-10 19:59:58,2025-06-10 19:59:58,0,100,58.03,MShort-Term
rddt,put,2025-11-21,95,18.87,117.09,128.8,11.0,5.95,162,45,10.0,-45.89,74.82,-0.2422,-0.0518,10.7,11.3,11.0,2025-06-10 19:59:58,2025-06-10 19:59:58,0,100,54.11,MShort-Term
rddt,put,2025-11-21,90,23.14,117.09,128.8,8.91,4.53,162,45,10.0,-49.17,74.28,-0.2089,-0.0475,8.8,9.15,8.91,2025-06-10 19:59:59,2025-06-10 19:59:59,1,100,50.83,MShort-Term
aapl,call,2026-02-20,265,30.75,202.67,253.34,3.45,16.02,253,75,25.0,364.46,26.04,0.1578,-0.0238,3.25,3.4,3.45,2025-06-10 19:59:59,2025-06-10 19:59:59,1,100,464.46,Mid-Term
aapl,call,2026-02-20,260,28.29,202.67,253.34,4.1,18.2,253,75,25.0,343.83,26.08,0.1803,-0.0261,3.85,4.0,4.1,2025-06-10 19:59:59,2025-06-10 19:59:59,9,100,443.83,Mid-Term
aapl,call,2026-03-20,260,28.29,202.67,253.34,4.5,20.05,281,75,25.0,345.56,26.1,0.1995,-0.0266,4.6,4.75,4.5,2025-06-10 19:59:59,2025-06-10 19:59:59,23,100,445.56,Mid-Term
aapl,call,2026-03-20,270,33.22,202.67,253.34,3.4,15.77,281,75,25.0,363.95,25.94,0.1551,-0.0223,3.35,3.45,3.4,2025-06-10 19:59:59,2025-06-10 19:59:59,46,100,463.95,Mid-Term
msft,call,2026-03-20,610,29.53,470.92,588.65,4.75,34.63,281,75,25.0,629.05,20.79,0.1206,-0.0356,4.25,4.9,4.75,2025-06-10 19:59:59,2025-06-10 19:59:59,29,100,729.05,Mid-Term
msft,call,2026-03-20,620,31.66,470.92,588.65,4.05,30.24,281,75,25.0,646.75,20.67,0.1022,-0.0313,3.7,4.05,4.05,2025-06-10 19:59:59,2025-06-10 19:59:59,0,100,746.75,Mid-Term
amd,call,2026-02-20,160,29.83,123.24,154.05,8.3,18.11,253,75,25.0,118.17,44.47,0.3317,-0.0364,8.3,8.45,8.3,2025-06-10 20:00:00,2025-06-10 20:00:00,1,100,218.17,Mid-Term
amd,call,2026-02-20,165,33.89,123.24,154.05,7.55,16.28,253,75,25.0,115.64,44.78,0.3043,-0.0352,7.4,7.5,7.55,2025-06-10 20:00:00,2025-06-10 20:00:00,13,100,215.64,Mid-Term
amd,call,2026-03-20,160,29.83,123.24,154.05,9.3,19.79,281,75,25.0,112.76,44.45,0.3498,-0.0356,9.25,9.4,9.3,2025-06-10 19:59:59,2025-06-10 19:59:59,10,100,212.76,Mid-Term
amd,call,2026-03-20,165,33.89,123.24,154.05,8.2,17.85,281,75,25.0,117.72,44.52,0.3217,-0.0343,8.25,8.4,8.2,2025-06-10 20:00:00,2025-06-10 20:00:00,2,100,217.72,Mid-Term
nvda,call,2026-03-20,185,28.51,143.96,179.95,10.2,22.7,281,75,25.0,122.57,42.19,0.3446,-0.0394,10.1,10.75,10.2,2025-06-10 19:59:59,2025-06-10 19:59:59,124,100,222.57,Mid-Term
nvda,call,2026-03-20,190,31.98,143.96,179.95,9.3,20.79,281,75,25.0,123.6,42.45,0.3203,-0.0383,9.05,9.5,9.3,2025-06-10 19:59:59,2025-06-10 19:59:59,707,100,223.6,Mid-Term
u,call,2026-03-20,32,28.82,24.84,31.05,5.2,6.35,281,75,25.0,22.14,69.28,0.4779,-0.0116,2.99,5.1,5.2,2025-06-10 19:59:57,2025-06-10 19:59:57,0,100,122.14,Mid-Term
aapl,put,2026-02-20,140,30.92,202.67,152.0,2.6,8.62,253,75,-25.0,231.5,37.64,-0.0792,-0.0166,2.56,2.64,0.0,2025-06-10 19:59:59,2025-06-10 19:59:59,0,100,331.5,Mid-Term
aapl,put,2026-02-20,145,28.46,202.67,152.0,3.05,10.28,253,75,-25.0,236.93,36.66,-0.0927,-0.0181,3.0,3.1,0.0,2025-06-10 19:59:59,2025-06-10 19:59:59,0,100,336.93,Mid-Term
aapl,put,2026-03-20,140,30.92,202.67,152.0,3.15,9.26,281,75,-25.0,194.0,37.14,-0.0843,-0.0162,2.9,2.96,3.15,2025-06-10 19:59:59,2025-06-10 19:59:59,0,100,294.0,Mid-Term
aapl,put,2026-03-20,145,28.46,202.67,152.0,3.4,10.98,281,75,-25.0,222.83,36.32,-0.0986,-0.0176,3.4,3.5,3.4,2025-06-10 19:59:59,2025-06-10 19:59:59,0,100,322.83,Mid-Term
msft,put,2026-03-20,330,29.92,470.92,353.19,4.25,18.11,281,75,-25.0,326.03,31.48,-0.0649,-0.026,4.05,4.2,4.25,2025-06-10 19:59:59,2025-06-10 19:59:59,0,100,426.03,Mid-Term
msft,put,2026-03-20,320,32.05,470.92,353.19,3.75,15.26,281,75,-25.0,307.01,32.27,-0.0556,-0.0237,3.45,3.6,3.75,2025-06-10 19:59:59,2025-06-10 19:59:59,0,100,407.01,Mid-Term
amd,put,2026-02-20,85,31.03,123.24,92.43,3.51,7.68,253,75,-25.0,118.94,48.68,-0.1189,-0.0176,3.45,3.55,3.51,2025-06-10 20:00:00,2025-06-10 20:00:00,2,100,218.94,Mid-Term
amd,put,2026-02-20,90,26.97,123.24,92.43,4.7,9.81,253,75,-25.0,108.74,47.9,-0.147,-0.0199,4.45,4.55,4.7,2025-06-10 20:00:00,2025-06-10 20:00:00,0,100,208.74,Mid-Term
amd,put,2026-03-20,85,31.03,123.24,92.43,3.99,8.28,281,75,-25.0,107.47,48.24,-0.1241,-0.0169,3.85,3.95,3.99,2025-06-10 20:00:00,2025-06-10 20:00:00,7,100,207.47,Mid-Term
amd,put,2026-03-20,90,26.97,123.24,92.43,4.9,10.38,281,75,-25.0,111.77,47.33,-0.1514,-0.0188,4.85,4.95,4.9,2025-06-10 20:00:00,2025-06-10 20:00:00,4,100,211.77,Mid-Term
nvda,put,2026-03-20,100,30.54,143.96,107.97,4.57,9.82,281,75,-25.0,114.82,47.67,-0.1259,-0.0197,4.5,4.6,4.57,2025-06-10 19:59:59,2025-06-10 19:59:59,107,100,214.82,Mid-Term
nvda,put,2026-03-20,105,27.06,143.96,107.97,5.55,11.91,281,75,-25.0,114.53,46.84,-0.1492,-0.0215,5.55,5.85,5.55,2025-06-10 20:00:00,2025-06-10 20:00:00,82,100,214.53,Mid-Term
u,put,2026-03-20,18,27.54,24.84,18.63,2.2,3.19,281,75,-25.0,45.09,69.71,-0.1907,-0.0066,2.04,2.21,2.2,2025-06-10 19:59:57,2025-06-10 19:59:57,11,100,145.09,Mid-Term
aapl,call,2026-02-20,265,30.75,202.67,283.74,3.45,33.6,253,90,40.0,874.04,26.04,0.1578,-0.0238,3.25,3.4,3.45,2025-06-10 19:59:59,2025-06-10 19:59:59,1,100,974.04,Mid-Term
aapl,call,2026-02-20,260,28.29,202.67,283.74,4.1,36.99,253,90,40.0,802.15,26.08,0.1803,-0.0261,3.85,4.0,4.1,2025-06-10 19:59:59,2025-06-10 19:59:59,9,100,902.15,Mid-Term
aapl,call,2026-03-20,260,28.29,202.67,283.74,4.5,38.95,281,90,40.0,765.58,26.1,0.1995,-0.0266,4.6,4.75,4.5,2025-06-10 19:59:59,2025-06-10 19:59:59,23,100,865.58,Mid-Term
aapl,call,2026-03-20,270,33.22,202.67,283.74,3.4,32.43,281,90,40.0,853.82,25.94,0.1551,-0.0223,3.35,3.45,3.4,2025-06-10 19:59:59,2025-06-10 19:59:59,46,100,953.82,Mid-Term
msft,call,2026-03-20,610,29.53,470.92,659.29,4.75,78.68,281,90,40.0,1556.5,20.79,0.1206,-0.0356,4.25,4.9,4.75,2025-06-10 19:59:59,2025-06-10 19:59:59,29,100,1656.5,Mid-Term
msft,call,2026-03-20,620,31.66,470.92,659.29,4.05,71.56,281,90,40.0,1666.87,20.67,0.1022,-0.0313,3.7,4.05,4.05,2025-06-10 19:59:59,2025-06-10 19:59:59,0,100,1766.87,Mid-Term
amd,call,2026-02-20,160,29.83,123.24,172.54,8.3,28.5,253,90,40.0,243.36,44.47,0.3317,-0.0364,8.3,8.45,8.3,2025-06-10 20:00:00,2025-06-10 20:00:00,1,100,343.36,Mid-Term
amd,call,2026-02-20,165,33.89,123.24,172.54,7.55,25.94,253,90,40.0,243.54,44.78,0.3043,-0.0352,7.4,7.5,7.55,2025-06-10 20:00:00,2025-06-10 20:00:00,13,100,343.54,Mid-Term
amd,call,2026-03-20,160,29.83,123.24,172.54,9.3,30.34,281,90,40.0,226.19,44.45,0.3498,-0.0356,9.25,9.4,9.3,2025-06-10 19:59:59,2025-06-10 19:59:59,10,100,326.19,Mid-Term
amd,call,2026-03-20,165,33.89,123.24,172.54,8.2,27.72,281,90,40.0,238.11,44.52,0.3217,-0.0343,8.25,8.4,8.2,2025-06-10 20:00:00,2025-06-10 20:00:00,2,100,338.11,Mid-Term
nvda,call,2026-03-20,185,28.51,143.96,201.54,10.2,35.33,281,90,40.0,246.42,42.19,0.3446,-0.0394,10.1,10.75,10.2,2025-06-10 19:59:59,2025-06-10 19:59:59,124,100,346.42,Mid-Term
nvda,call,2026-03-20,190,31.98,143.96,201.54,9.3,32.71,281,90,40.0,251.71,42.45,0.3203,-0.0383,9.05,9.5,9.3,2025-06-10 19:59:59,2025-06-10 19:59:59,707,100,351.71,Mid-Term
u,call,2026-03-20,32,28.82,24.84,34.78,5.2,8.48,281,90,40.0,63.02,69.28,0.4779,-0.0116,2.99,5.1,5.2,2025-06-10 19:59:57,2025-06-10 19:59:57,0,100,163.02,Mid-Term
aapl,put,2026-02-20,140,30.92,202.67,152.0,2.6,8.13,253,90,-25.0,212.88,37.64,-0.0792,-0.0166,2.56,2.64,0.0,2025-06-10 19:59:59,2025-06-10 19:59:59,0,100,312.88,Mid-Term
aapl,put,2026-02-20,145,28.46,202.67,152.0,3.05,9.79,253,90,-25.0,220.94,36.66,-0.0927,-0.0181,3.0,3.1,0.0,2025-06-10 19:59:59,2025-06-10 19:59:59,0,100,320.94,Mid-Term
aapl,put,2026-03-20,140,30.92,202.67,152.0,3.15,8.83,281,90,-25.0,180.27,37.14,-0.0843,-0.0162,2.9,2.96,3.15,2025-06-10 19:59:59,2025-06-10 19:59:59,0,100,280.27,Mid-Term
aapl,put,2026-03-20,145,28.46,202.67,152.0,3.4,10.54,281,90,-25.0,210.02,36.32,-0.0986,-0.0176,3.4,3.5,3.4,2025-06-10 19:59:59,2025-06-10 19:59:59,0,100,310.02,Mid-Term
msft,put,2026-03-20,330,29.92,470.92,353.19,4.25,17.28,281,90,-25.0,306.67,31.48,-0.0649,-0.026,4.05,4.2,4.25,2025-06-10 19:59:59,2025-06-10 19:59:59,0,100,406.67,Mid-Term
msft,put,2026-03-20,320,32.05,470.92,353.19,3.75,14.45,281,90,-25.0,285.43,32.27,-0.0556,-0.0237,3.45,3.6,3.75,2025-06-10 19:59:59,2025-06-10 19:59:59,0,100,385.43,Mid-Term
amd,put,2026-02-20,85,31.03,123.24,92.43,3.51,7.28,253,90,-25.0,107.42,48.68,-0.1189,-0.0176,3.45,3.55,3.51,2025-06-10 20:00:00,2025-06-10 20:00:00,2,100,207.42,Mid-Term
amd,put,2026-02-20,90,26.97,123.24,92.43,4.7,9.4,253,90,-25.0,99.93,47.9,-0.147,-0.0199,4.45,4.55,4.7,2025-06-10 20:00:00,2025-06-10 20:00:00,0,100,199.93,Mid-Term
amd,put,2026-03-20,85,31.03,123.24,92.43,3.99,7.91,281,90,-25.0,98.36,48.24,-0.1241,-0.0169,3.85,3.95,3.99,2025-06-10 20:00:00,2025-06-10 20:00:00,7,100,198.36,Mid-Term
amd,put,2026-03-20,90,26.97,123.24,92.43,4.9,10.01,281,90,-25.0,104.23,47.33,-0.1514,-0.0188,4.85,4.95,4.9,2025-06-10 20:00:00,2025-06-10 20:00:00,4,100,204.23,Mid-Term
nvda,put,2026-03-20,100,30.54,143.96,107.97,4.57,9.4,281,90,-25.0,105.59,47.67,-0.1259,-0.0197,4.5,4.6,4.57,2025-06-10 19:59:59,2025-06-10 19:59:59,107,100,205.59,Mid-Term
nvda,put,2026-03-20,105,27.06,143.96,107.97,5.55,11.48,281,90,-25.0,106.85,46.84,-0.1492,-0.0215,5.55,5.85,5.55,2025-06-10 20:00:00,2025-06-10 20:00:00,82,100,206.85,Mid-Term
u,put,2026-03-20,18,27.54,24.84,18.63,2.2,3.08,281,90,-25.0,39.89,69.71,-0.1907,-0.0066,2.04,2.21,2.2,2025-06-10 19:59:57,2025-06-10 19:59:57,11,100,139.89,Mid-Term
aapl,call,2026-12-18,390,92.43,202.67,506.67,1.29,136.43,554,270,150.0,10476.21,26.68,0.0485,-0.0069,1.17,1.23,1.29,2025-06-10 19:59:59,2025-06-10 19:59:59,2,100,10576.21,Long-Term
aapl,call,2026-12-18,380,87.5,202.67,506.67,1.49,144.87,554,270,150.0,9623.07,26.51,0.0556,-0.0076,1.36,1.43,1.49,2025-06-10 19:59:59,2025-06-10 19:59:59,1,100,9723.07,Long-Term
amd,call,2026-12-18,230,86.63,123.24,308.1,7.1,98.28,554,270,150.0,1284.29,44.73,0.2295,-0.021,7.1,7.25,7.1,2025-06-10 20:00:00,2025-06-10 20:00:00,3,100,1384.29,Long-Term
amd,call,2026-12-18,240,94.74,123.24,308.1,6.4,91.61,554,270,150.0,1331.33,45.1,0.21,-0.02,6.3,6.4,6.4,2025-06-10 20:00:00,2025-06-10 20:00:00,1,100,1431.33,Long-Term
nvda,call,2026-12-18,275,91.03,143.96,359.9,7.62,110.22,554,270,150.0,1346.4,44.54,0.215,-0.0234,7.1,8.05,7.62,2025-06-10 19:59:59,2025-06-10 19:59:59,19,100,1446.4,Long-Term
nvda,call,2026-12-18,270,87.55,143.96,359.9,7.85,113.43,554,270,150.0,1345.0,44.15,0.2214,-0.0237,7.5,8.45,7.85,2025-06-10 19:59:59,2025-06-10 19:59:59,3,100,1445.0,Long-Term
aapl,put,2026-12-18,120,40.79,202.67,81.07,3.76,36.74,554,270,-60.0,877.2,37.88,-0.072,-0.01,3.6,3.75,3.76,2025-06-10 19:59:59,2025-06-10 19:59:59,4,100,977.2,Long-Term
aapl,put,2026-12-18,125,38.32,202.67,81.07,4.45,40.96,554,270,-60.0,820.4,37.19,-0.0823,-0.0108,4.15,4.3,4.45,2025-06-10 19:59:59,2025-06-10 19:59:59,0,100,920.4,Long-Term
msft,put,2026-12-18,285,39.48,470.92,188.37,5.9,88.86,554,270,-60.0,1406.04,33.11,-0.0605,-0.0177,5.7,5.95,5.9,2025-06-10 19:59:59,2025-06-10 19:59:59,8,100,1506.04,Long-Term
msft,put,2026-12-18,280,40.54,470.92,188.37,5.5,84.54,554,270,-60.0,1437.08,33.39,-0.0565,-0.017,5.3,5.6,5.5,2025-06-10 19:59:59,2025-06-10 19:59:59,2,100,1537.08,Long-Term
amd,put,2026-12-18,75,39.14,123.24,49.3,5.43,25.44,554,270,-60.0,368.57,48.7,-0.1125,-0.0108,5.25,5.35,5.43,2025-06-10 19:59:59,2025-06-10 19:59:59,0,100,468.57,Long-Term
nvda,put,2026-12-18,86,40.26,143.96,57.58,6.2,28.46,554,270,-60.0,359.01,49.11,-0.1077,-0.0124,5.85,6.0,6.2,2025-06-10 19:59:59,2025-06-10 19:59:59,0,100,459.01,Long-Term
nvda,put,2026-12-18,87,39.57,143.96,57.58,6.4,29.26,554,270,-60.0,357.13,48.95,-0.111,-0.0126,6.05,6.2,6.4,2025-06-10 19:59:59,2025-06-10 19:59:59,0,100,457.13,Long-Term
